{
  "autosave_interval": 5,
  "font_size": 11,
  "bom_exclude_dnp": true,
  "bom_exclude_fid": true,
  "bom_exclude_tp": true,
  "bom_group": 0,
  "sort_order": [
    "C",
    "R",
    "L",
    "D",
    "U",
    "Y",
    "X",
    "F",
    "SW",
    "A",
    "J",
    "TP"
  ],
  "blacklist": "",
  "blacklist_virtual": true,
  "blacklist_empty": false,
  "background_color": "Ivory Paper",
  "text_color": "Carbon Black",
  "autosave_mode": "kinotes",
  "bg_color": "Ivory Paper",
  "dark_bg_color": "Charcoal",
  "dark_text_color": "Pure White",
  "dark_mode": false,
  "use_visual_editor": true,
  "ui_scale_factor": 1.25,
  "crossprobe_enabled": true,
  "net_crossprobe_enabled": true,
  "custom_designators": "",
  "beta_features_enabled": false,
  "beta_markdown": false,
  "beta_bom": false,
  "beta_version_log": false,
  "beta_debug_panel": false,
  "debug_modules": {
    "image": true,
    "pdf": true,
    "md_export": true,
    "md_import": true,
    "save": true,
    "click": false,
    "size": false,
    "editor": false,
    "net": false,
    "designator": false
  },
  "pdf_format": "markdown",
  "timer_interval_ms": 5000,
  "enable_time_tracking": true,
  "time_format_24h": true,
  "show_work_diary": true
}